{"cameraMode":{"drawMode":0,"name":"Shaded","section":"Shading Mode"},"sceneLighting":false,"audioPlay":false,"sceneViewState":{"m_AlwaysRefresh":false,"showFog":true,"showSkybox":false,"showFlares":true,"showImageEffects":true,"showParticleSystems":true,"showVisualEffectGraphs":true,"m_FxEnabled":true},"in2DMode":false,"pivot":{"x":-0.17515867948532105,"y":0.4293630123138428,"z":-0.27512603998184206},"rotation":{"x":-0.3698180317878723,"y":-0.19433830678462983,"z":0.07942488044500351,"w":-0.9050964117050171},"size":0.14142492413520814,"orthographic":false}