{"cameraMode":{"drawMode":0,"name":"Shaded","section":"Shading Mode"},"sceneLighting":false,"audioPlay":false,"sceneViewState":{"m_AlwaysRefresh":false,"showFog":true,"showSkybox":false,"showFlares":true,"showImageEffects":true,"showParticleSystems":true,"showVisualEffectGraphs":true,"m_FxEnabled":true},"in2DMode":false,"pivot":{"x":-1.7020515203475953,"y":1.0938667058944703,"z":-0.3970181941986084},"rotation":{"x":-0.18848256766796113,"y":-0.5592548251152039,"z":0.13513053953647614,"w":-0.7961330413818359},"size":0.000017320508050033823,"orthographic":false}