{"cameraMode":{"drawMode":0,"name":"Shaded","section":"Shading Mode"},"sceneLighting":false,"audioPlay":false,"sceneViewState":{"m_AlwaysRefresh":false,"showFog":true,"showSkybox":false,"showFlares":true,"showImageEffects":true,"showParticleSystems":true,"showVisualEffectGraphs":true,"m_FxEnabled":true},"in2DMode":false,"pivot":{"x":-6.562468528747559,"y":0.09000003337860108,"z":-15.792604446411133},"rotation":{"x":-0.055923279374837878,"y":-0.23646119236946107,"z":0.013660712167620659,"w":-0.9699592590332031},"size":3.7974095344543459,"orthographic":false}