{"cameraMode":{"drawMode":0,"name":"Shaded","section":"Shading Mode"},"sceneLighting":false,"audioPlay":false,"sceneViewState":{"m_AlwaysRefresh":false,"showFog":true,"showSkybox":false,"showFlares":true,"showImageEffects":true,"showParticleSystems":true,"showVisualEffectGraphs":true,"m_FxEnabled":true},"in2DMode":false,"pivot":{"x":-0.031995296478271487,"y":-0.04094648361206055,"z":0.019612789154052736},"rotation":{"x":-0.08680469542741776,"y":-0.780476987361908,"z":0.1112760677933693,"w":-0.6090883612632752},"size":6.353501319885254,"orthographic":false}