{"cameraMode":{"drawMode":0,"name":"Shaded","section":"Shading Mode"},"sceneLighting":false,"audioPlay":false,"sceneViewState":{"m_AlwaysRefresh":false,"showFog":true,"showSkybox":false,"showFlares":true,"showImageEffects":true,"showParticleSystems":true,"showVisualEffectGraphs":true,"m_FxEnabled":true},"in2DMode":false,"pivot":{"x":-1.4177964925765992,"y":0.9009272456169128,"z":-1.1572080850601197},"rotation":{"x":-0.1461116522550583,"y":-0.38821983337402346,"z":0.06251927465200424,"w":-0.9077873229980469},"size":0.000022360678485711105,"orthographic":false}