{"cameraMode":{"drawMode":0,"name":"Shaded","section":"Shading Mode"},"sceneLighting":false,"audioPlay":false,"sceneViewState":{"m_AlwaysRefresh":false,"showFog":true,"showSkybox":false,"showFlares":true,"showImageEffects":true,"showParticleSystems":true,"showVisualEffectGraphs":true,"m_FxEnabled":true},"in2DMode":false,"pivot":{"x":0.034258484840393069,"y":1.2728005647659302,"z":-0.02313794195652008},"rotation":{"x":-0.08680469542741776,"y":-0.780476987361908,"z":0.1112760677933693,"w":-0.6090883612632752},"size":1.5901058912277222,"orthographic":false}