{"cameraMode":{"drawMode":0,"name":"Shaded","section":"Shading Mode"},"sceneLighting":false,"audioPlay":false,"sceneViewState":{"m_AlwaysRefresh":false,"showFog":true,"showSkybox":false,"showFlares":true,"showImageEffects":true,"showParticleSystems":true,"showVisualEffectGraphs":true,"m_FxEnabled":true},"in2DMode":false,"pivot":{"x":-18.183795928955079,"y":-11.951708793640137,"z":-25.954782485961915},"rotation":{"x":-0.004680713173002005,"y":-0.9843856692314148,"z":0.1722632497549057,"w":-0.04461934417486191},"size":1.212436318397522,"orthographic":false}