{"cameraMode":{"drawMode":0,"name":"Shaded","section":"Shading Mode"},"sceneLighting":false,"audioPlay":false,"sceneViewState":{"m_AlwaysRefresh":false,"showFog":true,"showSkybox":false,"showFlares":true,"showImageEffects":true,"showParticleSystems":true,"showVisualEffectGraphs":true,"m_FxEnabled":true},"in2DMode":false,"pivot":{"x":0.00001688556221779436,"y":0.00002561420842539519,"z":-0.000020392220903886482},"rotation":{"x":-0.018913092091679574,"y":-0.7852248549461365,"z":0.024047892540693284,"w":-0.6184948682785034},"size":0.000017320508050033823,"orthographic":false}