{"cameraMode":{"drawMode":0,"name":"Shaded","section":"Shading Mode"},"sceneLighting":false,"audioPlay":false,"sceneViewState":{"m_AlwaysRefresh":false,"showFog":true,"showSkybox":false,"showFlares":true,"showImageEffects":true,"showParticleSystems":true,"showVisualEffectGraphs":true,"m_FxEnabled":true},"in2DMode":false,"pivot":{"x":0.002637803554534912,"y":1.3014445304870606,"z":0.02042841911315918},"rotation":{"x":-0.3993529975414276,"y":-0.40387701988220217,"z":0.2022070586681366,"w":-0.7978483438491821},"size":2.052534341812134,"orthographic":false}