{"cameraMode":{"drawMode":0,"name":"Shaded","section":"Shading Mode"},"sceneLighting":false,"audioPlay":false,"sceneViewState":{"m_AlwaysRefresh":false,"showFog":true,"showSkybox":false,"showFlares":true,"showImageEffects":true,"showParticleSystems":true,"showVisualEffectGraphs":true,"m_FxEnabled":true},"in2DMode":false,"pivot":{"x":0.09965133666992188,"y":1.0009536743164063,"z":81.01030731201172},"rotation":{"x":0.14712977409362794,"y":0.5569113492965698,"z":-0.10098450630903244,"w":0.8112413287162781},"size":61.27407455444336,"orthographic":false}