{"cameraMode":{"drawMode":0,"name":"Shaded","section":"Shading Mode"},"sceneLighting":false,"audioPlay":false,"sceneViewState":{"m_AlwaysRefresh":false,"showFog":true,"showSkybox":false,"showFlares":true,"showImageEffects":true,"showParticleSystems":true,"showVisualEffectGraphs":true,"m_FxEnabled":true},"in2DMode":false,"pivot":{"x":-1.2862591743469239,"y":0.501406729221344,"z":-0.2806568741798401},"rotation":{"x":0.13788700103759767,"y":0.5640207529067993,"z":-0.09616747498512268,"w":0.8085338473320007},"size":0.11088906973600388,"orthographic":false}