{"cameraMode":{"drawMode":0,"name":"Shaded","section":"Shading Mode"},"sceneLighting":false,"audioPlay":false,"sceneViewState":{"m_AlwaysRefresh":false,"showFog":true,"showSkybox":false,"showFlares":true,"showImageEffects":true,"showParticleSystems":true,"showVisualEffectGraphs":true,"m_FxEnabled":true},"in2DMode":false,"pivot":{"x":0.5555068254470825,"y":0.5165954828262329,"z":0.5934256315231323},"rotation":{"x":-0.06535734236240387,"y":0.9158714413642883,"z":-0.35955142974853518,"w":-0.16639608144760133},"size":0.08660253882408142,"orthographic":false}