{"cameraMode":{"drawMode":0,"name":"Shaded","section":"Shading Mode"},"sceneLighting":false,"audioPlay":false,"sceneViewState":{"m_AlwaysRefresh":false,"showFog":true,"showSkybox":false,"showFlares":true,"showImageEffects":true,"showParticleSystems":true,"showVisualEffectGraphs":true,"m_FxEnabled":true},"in2DMode":false,"pivot":{"x":-0.07930755615234375,"y":-0.42723777890205386,"z":0.0010437965393066407},"rotation":{"x":-0.08680469542741776,"y":-0.780476987361908,"z":0.1112760677933693,"w":-0.6090883612632752},"size":1.0176681280136109,"orthographic":false}