{"cameraMode":{"drawMode":0,"name":"Shaded","section":"Shading Mode"},"sceneLighting":false,"audioPlay":false,"sceneViewState":{"m_AlwaysRefresh":false,"showFog":true,"showSkybox":false,"showFlares":true,"showImageEffects":true,"showParticleSystems":true,"showVisualEffectGraphs":true,"m_FxEnabled":true},"in2DMode":false,"pivot":{"x":35.43788528442383,"y":0.9388247728347778,"z":-4.779999732971191},"rotation":{"x":-0.055923279374837878,"y":-0.23646119236946107,"z":0.013660712167620659,"w":-0.9699592590332031},"size":7.133161544799805,"orthographic":false}